Emittententicker,Name,Sektor,Anlageklasse,Marktwert,Gewichtung (%),Nominalwert,Nominale,Kurs,Standort,Börse,Marktwährung
"SAP","SAP","IT","Aktien","261.476.231,40","2,58","261.476.231,40","983.733,00","265,80","Deutschland","Xetra","EUR"
"ASML","ASML HOLDING NV","IT","Aktien","241.233.953,00","2,38","241.233.953,00","371.015,00","650,20","Niederlande","Euronext Amsterdam","EUR"
"NESN","NESTLE SA","Nichtzyklische Konsumgüter","Aktien","203.177.156,24","2,00","203.177.156,24","2.468.214,00","82,32","Schweiz","SIX Swiss Exchange","CHF"
"ROG","ROCHE HOLDING PAR AG","Gesundheitsversorgung","Aktien","182.473.389,16","1,80","182.473.389,16","662.337,00","275,50","Schweiz","SIX Swiss Exchange","CHF"
"NOVN","NOVARTIS AG","Gesundheitsversorgung","Aktien","179.267.708,26","1,77","179.267.708,26","1.791.624,00","100,06","Schweiz","SIX Swiss Exchange","CHF"
"HSBA","HSBC HOLDINGS PLC","Financials","Aktien","178.989.767,14","1,76","178.989.767,14","16.583.011,00","10,79","Vereinigtes Königreich","London Stock Exchange","GBP"
"AZN","ASTRAZENECA PLC","Gesundheitsversorgung","Aktien","174.322.533,47","1,72","174.322.533,47","1.460.790,00","119,33","Vereinigtes Königreich","London Stock Exchange","GBP"
"NOVO B","NOVO NORDISK CLASS B","Gesundheitsversorgung","Aktien","172.368.322,39","1,70","172.368.322,39","3.034.039,00","56,81","Dänemark","Omx Nordic Exchange Copenhagen A/S","DKK"
"SHEL","SHELL PLC","Energie","Aktien","170.402.392,51","1,68","170.402.392,51","5.643.893,00","30,19","Vereinigtes Königreich","London Stock Exchange","GBP"
"SIE","SIEMENS N AG","Industrie","Aktien","161.445.812,00","1,59","161.445.812,00","714.362,00","226,00","Deutschland","Xetra","EUR"
"ALV","ALLIANZ","Financials","Aktien","125.516.865,00","1,24","125.516.865,00","363.817,00","345,00","Deutschland","Xetra","EUR"
"MC","LVMH","Zyklische Konsumgüter ","Aktien","123.533.714,70","1,22","123.533.714,70","259.062,00","476,85","Frankreich","Nyse Euronext - Euronext Paris","EUR"
"SU","SCHNEIDER ELECTRIC","Industrie","Aktien","123.511.767,75","1,22","123.511.767,75","515.169,00","239,75","Frankreich","Nyse Euronext - Euronext Paris","EUR"
"ULVR","UNILEVER PLC","Nichtzyklische Konsumgüter","Aktien","120.388.983,49","1,19","120.388.983,49","2.347.276,00","51,29","Vereinigtes Königreich","London Stock Exchange","GBP"
"SAN","BANCO SANTANDER SA","Financials","Aktien","104.429.927,97","1,03","104.429.927,97","14.325.093,00","7,29","Spanien","Bolsa De Madrid","EUR"
"AIR","AIRBUS GROUP","Industrie","Aktien","103.734.195,84","1,02","103.734.195,84","559.878,00","185,28","Frankreich","Nyse Euronext - Euronext Paris","EUR"
"TTE","TOTALENERGIES","Energie","Aktien","101.546.562,26","1,00","101.546.562,26","1.917.058,00","52,97","Frankreich","Nyse Euronext - Euronext Paris","EUR"
"DTE","DEUTSCHE TELEKOM N AG","Kommunikation","Aktien","100.947.107,22","0,99","100.947.107,22","3.295.694,00","30,63","Deutschland","Xetra","EUR"
"SAF","SAFRAN SA","Industrie","Aktien","95.881.830,00","0,94","95.881.830,00","337.850,00","283,80","Frankreich","Nyse Euronext - Euronext Paris","EUR"
"UBSG","UBS GROUP AG","Financials","Aktien","95.518.609,81","0,94","95.518.609,81","3.088.551,00","30,93","Schweiz","SIX Swiss Exchange","CHF"
"AI","LAIR LIQUIDE SOCIETE ANONYME POUR","Materialien","Aktien","95.223.255,54","0,94","95.223.255,54","547.323,00","173,98","Frankreich","Nyse Euronext - Euronext Paris","EUR"
"RR.","ROLLS-ROYCE HOLDINGS PLC","Industrie","Aktien","93.023.055,82","0,92","93.023.055,82","7.958.778,00","11,69","Vereinigtes Königreich","London Stock Exchange","GBP"
"SPOT","SPOTIFY TECHNOLOGY SA","Kommunikation","Aktien","89.984.499,47","0,89","89.984.499,47","144.636,00","622,14","Schweden","New York Stock Exchange Inc.","USD"
"SAN","SANOFI SA","Gesundheitsversorgung","Aktien","87.842.727,70","0,87","87.842.727,70","1.051.505,00","83,54","Frankreich","Nyse Euronext - Euronext Paris","EUR"
"IBE","IBERDROLA SA","Versorger","Aktien","85.268.413,70","0,84","85.268.413,70","5.469.430,00","15,59","Spanien","Bolsa De Madrid","EUR"
"ABBN","ABB LTD","Industrie","Aktien","83.132.426,99","0,82","83.132.426,99","1.488.488,00","55,85","Schweiz","SIX Swiss Exchange","CHF"
"OR","LOREAL SA","Nichtzyklische Konsumgüter","Aktien","82.974.640,05","0,82","82.974.640,05","227.921,00","364,05","Frankreich","Nyse Euronext - Euronext Paris","EUR"
"BATS","BRITISH AMERICAN TOBACCO","Nichtzyklische Konsumgüter","Aktien","82.050.088,21","0,81","82.050.088,21","1.859.471,00","44,13","Vereinigtes Königreich","London Stock Exchange","GBP"
"ZURN","ZURICH INSURANCE GROUP AG","Financials","Aktien","81.815.685,41","0,81","81.815.685,41","137.319,00","595,81","Schweiz","SIX Swiss Exchange","CHF"
"REL","RELX PLC","Industrie","Aktien","80.560.974,05","0,79","80.560.974,05","1.744.733,00","46,17","Vereinigtes Königreich","London Stock Exchange","GBP"
"CFR","COMPAGNIE FINANCIERE RICHEMONT SA","Zyklische Konsumgüter ","Aktien","78.124.644,28","0,77","78.124.644,28","504.875,00","154,74","Schweiz","SIX Swiss Exchange","CHF"
"RHM","RHEINMETALL AG","Industrie","Aktien","77.213.381,00","0,76","77.213.381,00","41.941,00","1.841,00","Deutschland","Xetra","EUR"
"UCG","UNICREDIT","Financials","Aktien","76.979.805,84","0,76","76.979.805,84","1.328.154,00","57,96","Italien","Borsa Italiana","EUR"
"BNP","BNP PARIBAS SA","Financials","Aktien","73.830.158,35","0,73","73.830.158,35","956.969,00","77,15","Frankreich","Nyse Euronext - Euronext Paris","EUR"
"MUV2","MUENCHENER RUECKVERSICHERUNGS-GESE","Financials","Aktien","72.203.730,00","0,71","72.203.730,00","126.010,00","573,00","Deutschland","Xetra","EUR"
"RMS","HERMES INTERNATIONAL","Zyklische Konsumgüter ","Aktien","71.216.712,00","0,70","71.216.712,00","29.748,00","2.394,00","Frankreich","Nyse Euronext - Euronext Paris","EUR"
"ISP","INTESA SANPAOLO","Financials","Aktien","70.178.198,92","0,69","70.178.198,92","14.247.934,00","4,93","Italien","Borsa Italiana","EUR"
"BBVA","BANCO BILBAO VIZCAYA ARGENTARIA SA","Financials","Aktien","69.380.584,84","0,68","69.380.584,84","5.433.092,00","12,77","Spanien","Bolsa De Madrid","EUR"
"CS","AXA SA","Financials","Aktien","69.380.687,54","0,68","69.380.687,54","1.668.206,00","41,59","Frankreich","Nyse Euronext - Euronext Paris","EUR"
"BP.","BP PLC","Energie","Aktien","69.367.430,26","0,68","69.367.430,26","15.089.292,00","4,60","Vereinigtes Königreich","London Stock Exchange","GBP"
"EL","ESSILORLUXOTTICA SA","Gesundheitsversorgung","Aktien","68.689.797,00","0,68","68.689.797,00","281.285,00","244,20","Frankreich","Nyse Euronext - Euronext Paris","EUR"
"GSK","GLAXOSMITHKLINE","Gesundheitsversorgung","Aktien","63.063.953,74","0,62","63.063.953,74","3.856.703,00","16,35","Vereinigtes Königreich","London Stock Exchange","GBP"
"BA.","BAE SYSTEMS PLC","Industrie","Aktien","62.083.375,90","0,61","62.083.375,90","2.825.059,00","21,98","Vereinigtes Königreich","London Stock Exchange","GBP"
"ENR","SIEMENS ENERGY N AG","Industrie","Aktien","60.909.329,58","0,60","60.909.329,58","637.527,00","95,54","Deutschland","Xetra","EUR"
"ENEL","ENEL","Versorger","Aktien","60.764.222,00","0,60","60.764.222,00","7.703.375,00","7,89","Italien","Borsa Italiana","EUR"
"PRX","PROSUS NV CLASS N","Zyklische Konsumgüter ","Aktien","60.197.317,95","0,59","60.197.317,95","1.227.765,00","49,03","Niederlande","Euronext Amsterdam","EUR"
"DG","VINCI SA","Industrie","Aktien","58.242.462,80","0,57","58.242.462,80","468.187,00","124,40","Frankreich","Nyse Euronext - Euronext Paris","EUR"
"INGA","ING GROEP NV","Financials","Aktien","58.201.021,54","0,57","58.201.021,54","2.973.688,00","19,57","Niederlande","Euronext Amsterdam","EUR"
"NG.","NATIONAL GRID PLC","Versorger","Aktien","56.354.664,02","0,56","56.354.664,02","4.637.861,00","12,15","Vereinigtes Königreich","London Stock Exchange","GBP"
"LSEG","LONDON STOCK EXCHANGE GROUP PLC","Financials","Aktien","56.282.116,80","0,55","56.282.116,80","448.041,00","125,62","Vereinigtes Königreich","London Stock Exchange","GBP"
"BARC","BARCLAYS PLC","Financials","Aktien","55.266.634,25","0,54","55.266.634,25","13.598.333,00","4,06","Vereinigtes Königreich","London Stock Exchange","GBP"
"RIO","RIO TINTO PLC","Materialien","Aktien","54.336.902,86","0,54","54.336.902,86","1.060.028,00","51,26","Vereinigtes Königreich","London Stock Exchange","GBP"
"ABI","ANHEUSER-BUSCH INBEV SA","Nichtzyklische Konsumgüter","Aktien","54.130.592,44","0,53","54.130.592,44","927.529,00","58,36","Belgien","Nyse Euronext - Euronext Brussels","EUR"
"RACE","FERRARI NV","Zyklische Konsumgüter ","Aktien","51.342.851,70","0,51","51.342.851,70","118.111,00","434,70","Italien","Borsa Italiana","EUR"
"LLOY","LLOYDS BANKING GROUP PLC","Financials","Aktien","51.142.519,35","0,50","51.142.519,35","56.513.542,00","0,90","Vereinigtes Königreich","London Stock Exchange","GBP"
"IFX","INFINEON TECHNOLOGIES AG","IT","Aktien","46.941.209,70","0,46","46.941.209,70","1.230.438,00","38,15","Deutschland","Xetra","EUR"
"DB1","DEUTSCHE BOERSE AG","Financials","Aktien","46.443.420,40","0,46","46.443.420,40","176.189,00","263,60","Deutschland","Xetra","EUR"
"DGE","DIAGEO PLC","Nichtzyklische Konsumgüter","Aktien","46.046.724,46","0,45","46.046.724,46","2.079.445,00","22,14","Vereinigtes Königreich","London Stock Exchange","GBP"
"CPG","COMPASS GROUP PLC","Zyklische Konsumgüter ","Aktien","46.012.559,87","0,45","46.012.559,87","1.594.892,00","28,85","Vereinigtes Königreich","London Stock Exchange","GBP"
"DBK","DEUTSCHE BANK AG","Financials","Aktien","45.851.609,85","0,45","45.851.609,85","1.766.581,00","25,95","Deutschland","Xetra","EUR"
"III","3I GROUP PLC","Financials","Aktien","45.001.539,15","0,44","45.001.539,15","916.282,00","49,11","Vereinigtes Königreich","London Stock Exchange","GBP"
"ITX","INDUSTRIA DE DISENO TEXTIL INDITEX","Zyklische Konsumgüter ","Aktien","43.784.906,80","0,43","43.784.906,80","1.034.615,00","42,32","Spanien","Bolsa De Madrid","EUR"
"SREN","SWISS RE AG","Financials","Aktien","43.707.129,28","0,43","43.707.129,28","284.822,00","153,45","Schweiz","SIX Swiss Exchange","CHF"
"NWG","NATWEST GROUP PLC","Financials","Aktien","43.553.549,72","0,43","43.553.549,72","7.580.214,00","5,75","Vereinigtes Königreich","London Stock Exchange","GBP"
"SGO","COMPAGNIE DE SAINT GOBAIN SA","Industrie","Aktien","42.333.952,05","0,42","42.333.952,05","421.863,00","100,35","Frankreich","Nyse Euronext - Euronext Paris","EUR"
"INVE B","INVESTOR CLASS B","Financials","Aktien","42.122.739,82","0,41","42.122.739,82","1.627.866,00","25,88","Schweden","Nasdaq Omx Nordic","SEK"
"BN","DANONE SA","Nichtzyklische Konsumgüter","Aktien","41.584.825,44","0,41","41.584.825,44","614.433,00","67,68","Frankreich","Nyse Euronext - Euronext Paris","EUR"
"LONN","LONZA GROUP AG","Gesundheitsversorgung","Aktien","41.405.199,26","0,41","41.405.199,26","67.763,00","611,03","Schweiz","SIX Swiss Exchange","CHF"
"EXPN","EXPERIAN PLC","Industrie","Aktien","40.369.973,30","0,40","40.369.973,30","859.442,00","46,97","Vereinigtes Königreich","London Stock Exchange","GBP"
"DSV","DSV","Industrie","Aktien","39.987.915,23","0,39","39.987.915,23","193.416,00","206,75","Dänemark","Omx Nordic Exchange Copenhagen A/S","DKK"
"RKT","RECKITT BENCKISER GROUP PLC","Nichtzyklische Konsumgüter","Aktien","37.131.754,54","0,37","37.131.754,54","644.049,00","57,65","Vereinigtes Königreich","London Stock Exchange","GBP"
"ADYEN","ADYEN NV","Financials","Aktien","36.681.375,60","0,36","36.681.375,60","23.641,00","1.551,60","Niederlande","Euronext Amsterdam","EUR"
"NDA FI","NORDEA BANK","Financials","Aktien","36.390.489,30","0,36","36.390.489,30","2.995.102,00","12,15","Finnland","Nasdaq Omx Helsinki Ltd.","EUR"
"ATCO A","ATLAS COPCO CLASS A","Industrie","Aktien","36.221.488,05","0,36","36.221.488,05","2.521.462,00","14,37","Schweden","Nasdaq Omx Nordic","SEK"
"MBG","MERCEDES-BENZ GROUP N AG","Zyklische Konsumgüter ","Aktien","35.728.562,89","0,35","35.728.562,89","688.279,00","51,91","Deutschland","Xetra","EUR"
"BAS","BASF N","Materialien","Aktien","35.714.227,26","0,35","35.714.227,26","839.742,00","42,53","Deutschland","Xetra","EUR"
"DHL","DEUTSCHE POST AG","Industrie","Aktien","35.692.593,28","0,35","35.692.593,28","914.257,00","39,04","Deutschland","Xetra","EUR"
"ALC","ALCON AG","Gesundheitsversorgung","Aktien","35.566.726,03","0,35","35.566.726,03","476.155,00","74,70","Schweiz","SIX Swiss Exchange","CHF"
"GIVN","GIVAUDAN SA","Materialien","Aktien","35.332.236,03","0,35","35.332.236,03","8.738,00","4.043,52","Schweiz","SIX Swiss Exchange","CHF"
"HLN","HALEON PLC","Gesundheitsversorgung","Aktien","34.986.789,91","0,34","34.986.789,91","8.426.143,00","4,15","Vereinigtes Königreich","London Stock Exchange","GBP"
"VOLV B","VOLVO CLASS B","Industrie","Aktien","34.601.363,46","0,34","34.601.363,46","1.482.511,00","23,34","Schweden","Nasdaq Omx Nordic","SEK"
"GLEN","GLENCORE PLC","Materialien","Aktien","33.674.349,65","0,33","33.674.349,65","9.594.094,00","3,51","Vereinigtes Königreich","London Stock Exchange","GBP"
"ADS","ADIDAS N AG","Zyklische Konsumgüter ","Aktien","33.652.272,50","0,33","33.652.272,50","162.965,00","206,50","Deutschland","Xetra","EUR"
"GLE","SOCIETE GENERALE SA","Financials","Aktien","33.471.606,68","0,33","33.471.606,68","674.287,00","49,64","Frankreich","Nyse Euronext - Euronext Paris","EUR"
"EOAN","E.ON N","Versorger","Aktien","33.379.447,66","0,33","33.379.447,66","2.104.631,00","15,86","Deutschland","Xetra","EUR"
"ENGI","ENGIE SA","Versorger","Aktien","33.250.968,12","0,33","33.250.968,12","1.716.179,00","19,38","Frankreich","Nyse Euronext - Euronext Paris","EUR"
"HOLN","HOLCIM LTD AG","Materialien","Aktien","33.215.262,51","0,33","33.215.262,51","490.889,00","67,66","Schweiz","SIX Swiss Exchange","CHF"
"WKL","WOLTERS KLUWER NV","Industrie","Aktien","31.713.071,60","0,31","31.713.071,60","224.756,00","141,10","Niederlande","Euronext Amsterdam","EUR"
"SIKA","SIKA AG","Materialien","Aktien","31.190.187,99","0,31","31.190.187,99","142.977,00","218,15","Schweiz","SIX Swiss Exchange","CHF"
"AD","KONINKLIJKE AHOLD DELHAIZE NV","Nichtzyklische Konsumgüter","Aktien","30.493.470,75","0,30","30.493.470,75","865.063,00","35,25","Niederlande","Euronext Amsterdam","EUR"
"TSCO","TESCO PLC","Nichtzyklische Konsumgüter","Aktien","30.116.176,83","0,30","30.116.176,83","6.315.015,00","4,77","Vereinigtes Königreich","London Stock Exchange","GBP"
"LR","LEGRAND SA","Industrie","Aktien","30.078.155,25","0,30","30.078.155,25","247.455,00","121,55","Frankreich","Nyse Euronext - Euronext Paris","EUR"
"STAN","STANDARD CHARTERED PLC","Financials","Aktien","29.884.612,13","0,29","29.884.612,13","1.937.290,00","15,43","Vereinigtes Königreich","London Stock Exchange","GBP"
"AMS","AMADEUS IT GROUP SA","Zyklische Konsumgüter ","Aktien","29.578.254,20","0,29","29.578.254,20","417.890,00","70,78","Spanien","Bolsa De Madrid","EUR"
"ENI","ENI","Energie","Aktien","29.245.231,76","0,29","29.245.231,76","2.067.093,00","14,15","Italien","Borsa Italiana","EUR"
"ARGX","ARGENX","Gesundheitsversorgung","Aktien","28.449.712,80","0,28","28.449.712,80","57.966,00","490,80","Belgien","Nyse Euronext - Euronext Brussels","EUR"
"UMG","UNIVERSAL MUSIC GROUP NV","Kommunikation","Aktien","27.794.038,56","0,27","27.794.038,56","1.032.468,00","26,92","Niederlande","Euronext Amsterdam","EUR"
"CABK","CAIXABANK SA","Financials","Aktien","27.293.479,92","0,27","27.293.479,92","3.685.320,00","7,41","Spanien","Bolsa De Madrid","EUR"
"ASSA B","ASSA ABLOY B","Industrie","Aktien","26.551.256,18","0,26","26.551.256,18","940.051,00","28,24","Schweden","Nasdaq Omx Nordic","SEK"
"AAL","ANGLO AMERICAN PLC","Materialien","Aktien","26.325.572,99","0,26","26.325.572,99","1.035.440,00","25,42","Vereinigtes Königreich","London Stock Exchange","GBP"
"PRU","PRUDENTIAL PLC","Financials","Aktien","26.135.012,54","0,26","26.135.012,54","2.456.379,00","10,64","Vereinigtes Königreich","London Stock Exchange","GBP"
"PGHN","PARTNERS GROUP HOLDING AG","Financials","Aktien","26.081.427,87","0,26","26.081.427,87","21.646,00","1.204,91","Schweiz","SIX Swiss Exchange","CHF"
"BAYN","BAYER AG","Gesundheitsversorgung","Aktien","25.795.164,68","0,25","25.795.164,68","922.244,00","27,97","Deutschland","Xetra","EUR"
"G","ASSICURAZIONI GENERALI","Financials","Aktien","25.435.287,40","0,25","25.435.287,40","810.041,00","31,40","Italien","Borsa Italiana","EUR"
"HEI","HEIDELBERG MATERIALS AG","Materialien","Aktien","25.021.631,25","0,25","25.021.631,25","125.895,00","198,75","Deutschland","Xetra","EUR"
"IMB","IMPERIAL BRANDS PLC","Nichtzyklische Konsumgüter","Aktien","24.932.144,62","0,25","24.932.144,62","739.599,00","33,71","Vereinigtes Königreich","London Stock Exchange","GBP"
"CBK","COMMERZBANK AG","Financials","Aktien","23.672.036,24","0,23","23.672.036,24","833.816,00","28,39","Deutschland","Xetra","EUR"
"SLHN","SWISS LIFE HOLDING AG","Financials","Aktien","23.415.468,82","0,23","23.415.468,82","26.651,00","878,60","Schweiz","SIX Swiss Exchange","CHF"
"BMW","BMW AG","Zyklische Konsumgüter ","Aktien","23.274.822,40","0,23","23.274.822,40","277.610,00","83,84","Deutschland","Xetra","EUR"
"AHT","ASHTEAD GROUP PLC","Industrie","Aktien","23.034.838,23","0,23","23.034.838,23","412.539,00","55,84","Vereinigtes Königreich","London Stock Exchange","GBP"
"ASM","ASM INTERNATIONAL NV","IT","Aktien","22.714.791,00","0,22","22.714.791,00","43.565,00","521,40","Niederlande","Euronext Amsterdam","EUR"
"ORA","ORANGE SA","Kommunikation","Aktien","22.711.064,28","0,22","22.711.064,28","1.723.146,00","13,18","Frankreich","Nyse Euronext - Euronext Paris","EUR"
"DANSKE","DANSKE BANK","Financials","Aktien","22.511.886,48","0,22","22.511.886,48","661.206,00","34,05","Dänemark","Omx Nordic Exchange Copenhagen A/S","DKK"
"SSE","SSE PLC","Versorger","Aktien","22.259.715,00","0,22","22.259.715,00","1.040.303,00","21,40","Vereinigtes Königreich","London Stock Exchange","GBP"
"HO","THALES SA","Industrie","Aktien","22.025.020,00","0,22","22.025.020,00","88.525,00","248,80","Frankreich","Nyse Euronext - Euronext Paris","EUR"
"SAMPO","SAMPO CLASS A","Financials","Aktien","21.932.277,30","0,22","21.932.277,30","2.327.279,00","9,42","Finnland","Nasdaq Omx Helsinki Ltd.","EUR"
"SEB A","SKANDINAVISKA ENSKILDA BANKEN","Financials","Aktien","21.882.259,56","0,22","21.882.259,56","1.507.968,00","14,51","Schweden","Nasdaq Omx Nordic","SEK"
"FER","FERROVIAL","Industrie","Aktien","21.729.331,02","0,21","21.729.331,02","479.253,00","45,34","Spanien","Bolsa De Madrid","EUR"
"EBS","ERSTE GROUP BANK AG","Financials","Aktien","21.725.251,50","0,21","21.725.251,50","286.802,00","75,75","Österreich","Wiener Boerse Ag","EUR"
"SAND","SANDVIK","Industrie","Aktien","21.511.965,74","0,21","21.511.965,74","1.017.635,00","21,14","Schweden","Nasdaq Omx Nordic","SEK"
"AMRZ","AMRIZE AG","Materialien","Aktien","21.282.191,57","0,21","21.282.191,57","490.928,00","43,35","Schweiz","SIX Swiss Exchange","CHF"
"UCB","UCB SA","Gesundheitsversorgung","Aktien","21.191.808,00","0,21","21.191.808,00","121.792,00","174,00","Belgien","Nyse Euronext - Euronext Brussels","EUR"
"RWE","RWE AG","Versorger","Aktien","21.181.803,06","0,21","21.181.803,06","585.618,00","36,17","Deutschland","Xetra","EUR"
"HEIA","HEINEKEN NV","Nichtzyklische Konsumgüter","Aktien","21.058.113,30","0,21","21.058.113,30","275.991,00","76,30","Niederlande","Euronext Amsterdam","EUR"
"CAP","CAPGEMINI","IT","Aktien","21.041.863,50","0,21","21.041.863,50","152.754,00","137,75","Frankreich","Nyse Euronext - Euronext Paris","EUR"
"GEBN","GEBERIT AG","Industrie","Aktien","20.930.168,71","0,21","20.930.168,71","31.573,00","662,91","Schweiz","SIX Swiss Exchange","CHF"
"AV.","AVIVA PLC","Financials","Aktien","20.778.334,87","0,20","20.778.334,87","2.826.685,00","7,35","Vereinigtes Königreich","London Stock Exchange","GBP"
"NOKIA","NOKIA","IT","Aktien","20.607.559,25","0,20","20.607.559,25","4.958.508,00","4,16","Finnland","Nasdaq Omx Helsinki Ltd.","EUR"
"ML","MICHELIN","Zyklische Konsumgüter ","Aktien","20.547.306,57","0,20","20.547.306,57","637.917,00","32,21","Frankreich","Nyse Euronext - Euronext Paris","EUR"
"DSY","DASSAULT SYSTEMES","IT","Aktien","20.267.119,50","0,20","20.267.119,50","627.465,00","32,30","Frankreich","Nyse Euronext - Euronext Paris","EUR"
"MTX","MTU AERO ENGINES HOLDING AG","Industrie","Aktien","19.932.291,70","0,20","19.932.291,70","51.253,00","388,90","Deutschland","Xetra","EUR"
"NSIS B","NOVOZYMES B","Materialien","Aktien","19.638.710,58","0,19","19.638.710,58","324.987,00","60,43","Dänemark","Omx Nordic Exchange Copenhagen A/S","DKK"
"VNA","VONOVIA SE","Immobilien","Aktien","19.620.334,14","0,19","19.620.334,14","702.231,00","27,94","Deutschland","Xetra","EUR"
"RYA","RYANAIR HOLDINGS PLC","Industrie","Aktien","18.838.419,00","0,19","18.838.419,00","797.900,00","23,61","Irland","Irish Stock Exchange - All Market","EUR"
"KBC","KBC GROEP","Financials","Aktien","18.665.807,60","0,18","18.665.807,60","212.740,00","87,74","Belgien","Nyse Euronext - Euronext Brussels","EUR"
"SDZ","SANDOZ GROUP AG","Gesundheitsversorgung","Aktien","18.662.833,92","0,18","18.662.833,92","387.484,00","48,16","Schweiz","SIX Swiss Exchange","CHF"
"DNB","DNB BANK","Financials","Aktien","18.647.323,87","0,18","18.647.323,87","864.203,00","21,58","Norwegen","Oslo Bors Asa","NOK"
"DTG","DAIMLER TRUCK HOLDING E AG","Industrie","Aktien","18.390.187,53","0,18","18.390.187,53","457.809,00","40,17","Deutschland","Xetra","EUR"
"KNEBV","KONE","Industrie","Aktien","18.222.097,44","0,18","18.222.097,44","324.006,00","56,24","Finnland","Nasdaq Omx Helsinki Ltd.","EUR"
"PUB","PUBLICIS GROUPE SA","Kommunikation","Aktien","18.201.853,30","0,18","18.201.853,30","216.947,00","83,90","Frankreich","Nyse Euronext - Euronext Paris","EUR"
"HEXA B","HEXAGON CLASS B","IT","Aktien","18.186.431,32","0,18","18.186.431,32","2.009.651,00","9,05","Schweden","Nasdaq Omx Nordic","SEK"
"ATCO B","ATLAS COPCO CLASS B","Industrie","Aktien","18.162.677,37","0,18","18.162.677,37","1.445.793,00","12,56","Schweden","Nasdaq Omx Nordic","SEK"
"VOD","VODAFONE GROUP PLC","Kommunikation","Aktien","17.986.055,92","0,18","17.986.055,92","18.953.929,00","0,95","Vereinigtes Königreich","London Stock Exchange","GBP"
"CCEP","COCA COLA EUROPACIFIC PARTNERS PLC","Nichtzyklische Konsumgüter","Aktien","17.937.878,74","0,18","17.937.878,74","216.223,00","82,96","Niederlande","NASDAQ","USD"
"LDO","LEONARDO FINMECCANICA SPA","Industrie","Aktien","17.855.244,51","0,18","17.855.244,51","375.189,00","47,59","Italien","Borsa Italiana","EUR"
"VOW3","VOLKSWAGEN NON-VOTING PREF AG","Zyklische Konsumgüter ","Aktien","17.828.177,40","0,18","17.828.177,40","196.779,00","90,60","Deutschland","Xetra","EUR"
"VIE","VEOLIA ENVIRON. SA","Versorger","Aktien","17.695.358,50","0,17","17.695.358,50","590.830,00","29,95","Frankreich","Nyse Euronext - Euronext Paris","EUR"
"AER","AERCAP HOLDINGS NV","Industrie","Aktien","17.598.807,85","0,17","17.598.807,85","179.197,00","98,21","Niederlande","New York Stock Exchange Inc.","USD"
"STMPA","STMICROELECTRONICS NV","IT","Aktien","17.597.208,36","0,17","17.597.208,36","636.312,00","27,66","Frankreich","Nyse Euronext - Euronext Paris","EUR"
"RI","PERNOD RICARD SA","Nichtzyklische Konsumgüter","Aktien","17.576.442,00","0,17","17.576.442,00","188.994,00","93,00","Frankreich","Nyse Euronext - Euronext Paris","EUR"
"SWED A","SWEDBANK","Financials","Aktien","17.186.517,98","0,17","17.186.517,98","793.123,00","21,67","Schweden","Nasdaq Omx Nordic","SEK"
"EQNR","EQUINOR","Energie","Aktien","17.172.750,93","0,17","17.172.750,93","776.901,00","22,10","Norwegen","Oslo Bors Asa","NOK"
"PRY","PRYSMIAN","Industrie","Aktien","16.898.979,08","0,17","16.898.979,08","263.306,00","64,18","Italien","Borsa Italiana","EUR"
"AENA","AENA SME SA","Industrie","Aktien","16.883.429,04","0,17","16.883.429,04","715.248,00","23,61","Spanien","Bolsa De Madrid","EUR"
"ERIC B","ERICSSON B","IT","Aktien","16.825.627,92","0,17","16.825.627,92","2.623.176,00","6,41","Schweden","Nasdaq Omx Nordic","SEK"
"PHIA","KONINKLIJKE PHILIPS NV","Gesundheitsversorgung","Aktien","16.619.676,40","0,16","16.619.676,40","783.947,00","21,20","Niederlande","Euronext Amsterdam","EUR"
"EUR","EUR CASH","Cash und/oder Derivate","Geldmarkt","16.464.596,14","0,16","16.464.596,14","16.464.596,00","100,00","Europäische Union","-","EUR"
"FRE","FRESENIUS SE AND CO KGAA","Gesundheitsversorgung","Aktien","16.251.345,00","0,16","16.251.345,00","393.972,00","41,25","Deutschland","Xetra","EUR"
"LGEN","LEGAL AND GENERAL GROUP PLC","Financials","Aktien","16.237.835,71","0,16","16.237.835,71","5.504.723,00","2,95","Vereinigtes Königreich","London Stock Exchange","GBP"
"ACA","CREDIT AGRICOLE SA","Financials","Aktien","16.145.984,26","0,16","16.145.984,26","1.010.387,00","15,98","Frankreich","Nyse Euronext - Euronext Paris","EUR"
"CLNX","CELLNEX TELECOM SA","Kommunikation","Aktien","15.982.119,12","0,16","15.982.119,12","491.304,00","32,53","Spanien","Bolsa De Madrid","EUR"
"TEF","TELEFONICA SA","Kommunikation","Aktien","15.496.369,28","0,15","15.496.369,28","3.459.011,00","4,48","Spanien","Bolsa De Madrid","EUR"
"STLAM","STELLANTIS NV","Zyklische Konsumgüter ","Aktien","15.439.524,40","0,15","15.439.524,40","1.889.089,00","8,17","Italien","Borsa Italiana","EUR"
"DSFIR","DSM FIRMENICH AG","Materialien","Aktien","15.404.408,00","0,15","15.404.408,00","173.200,00","88,94","Niederlande","Euronext Amsterdam","EUR"
"NXT","NEXT PLC","Zyklische Konsumgüter ","Aktien","15.395.603,76","0,15","15.395.603,76","109.271,00","140,89","Vereinigtes Königreich","London Stock Exchange","GBP"
"HNR1","HANNOVER RUECK","Financials","Aktien","15.264.116,40","0,15","15.264.116,40","57.557,00","265,20","Deutschland","Xetra","EUR"
"GALD","GALDERMA GROUP N AG","Gesundheitsversorgung","Aktien","14.799.550,76","0,15","14.799.550,76","111.607,00","132,60","Schweiz","SIX Swiss Exchange","CHF"
"SHL","SIEMENS HEALTHINEERS AG","Gesundheitsversorgung","Aktien","14.796.424,92","0,15","14.796.424,92","317.588,00","46,59","Deutschland","Xetra","EUR"
"KPN","KONINKLIJKE KPN NV","Kommunikation","Aktien","14.793.237,31","0,15","14.793.237,31","3.624.905,00","4,08","Niederlande","Euronext Amsterdam","EUR"
"REP","REPSOL SA","Energie","Aktien","14.786.466,96","0,15","14.786.466,96","1.151.594,00","12,84","Spanien","Bolsa De Madrid","EUR"
"NN","NN GROUP NV","Financials","Aktien","14.747.119,04","0,15","14.747.119,04","257.008,00","57,38","Niederlande","Euronext Amsterdam","EUR"
"SCMN","SWISSCOM AG","Kommunikation","Aktien","14.658.653,87","0,14","14.658.653,87","24.550,00","597,09","Schweiz","SIX Swiss Exchange","CHF"
"IHG","INTERCONTINENTAL HOTELS GROUP PLC","Zyklische Konsumgüter ","Aktien","14.484.121,49","0,14","14.484.121,49","146.353,00","98,97","Vereinigtes Königreich","London Stock Exchange","GBP"
"SAB","BANCO DE SABADELL SA","Financials","Aktien","14.463.786,58","0,14","14.463.786,58","4.997.853,00","2,89","Spanien","Bolsa De Madrid","EUR"
"LISN","CHOCOLADEFABRIKEN LINDT & SPRUENGL","Nichtzyklische Konsumgüter","Aktien","14.114.783,92","0,14","14.114.783,92","99,00","142.573,83","Schweiz","SIX Swiss Exchange","CHF"
"SHB A","SVENSKA HANDELSBANKEN-A SHS","Financials","Aktien","14.024.529,71","0,14","14.024.529,71","1.362.768,00","10,29","Schweden","Nasdaq Omx Nordic","SEK"
"KRZ","KERRY GROUP PLC","Nichtzyklische Konsumgüter","Aktien","13.979.995,75","0,14","13.979.995,75","154.903,00","90,25","Irland","Irish Stock Exchange - All Market","EUR"
"SGE","THE SAGE GROUP PLC","IT","Aktien","13.731.921,40","0,14","13.731.921,40","942.503,00","14,57","Vereinigtes Königreich","London Stock Exchange","GBP"
"BT.A","BT GROUP PLC","Kommunikation","Aktien","13.564.822,48","0,13","13.564.822,48","5.924.548,00","2,29","Vereinigtes Königreich","London Stock Exchange","GBP"
"SGSN","SGS SA","Industrie","Aktien","13.489.700,89","0,13","13.489.700,89","151.176,00","89,23","Schweiz","SIX Swiss Exchange","CHF"
"MRK","MERCK","Gesundheitsversorgung","Aktien","13.377.968,40","0,13","13.377.968,40","119.928,00","111,55","Deutschland","Xetra","EUR"
"SAAB B","SAAB CLASS B","Industrie","Aktien","13.351.514,86","0,13","13.351.514,86","314.551,00","42,45","Schweden","Nasdaq Omx Nordic","SEK"
"KER","KERING SA","Zyklische Konsumgüter ","Aktien","13.291.376,80","0,13","13.291.376,80","69.082,00","192,40","Frankreich","Nyse Euronext - Euronext Paris","EUR"
"A5G","AIB GROUP PLC","Financials","Aktien","13.181.546,25","0,13","13.181.546,25","1.958.625,00","6,73","Irland","Irish Stock Exchange - All Market","EUR"
"VWS","VESTAS WIND SYSTEMS","Industrie","Aktien","13.102.406,46","0,13","13.102.406,46","933.081,00","14,04","Dänemark","Omx Nordic Exchange Copenhagen A/S","DKK"
"LISP","CHOCOLADEFABRIKEN LINDT & SPRUENGL","Nichtzyklische Konsumgüter","Aktien","13.000.469,60","0,13","13.000.469,60","899,00","14.461,06","Schweiz","SIX Swiss Exchange","CHF"
"HLMA","HALMA PLC","IT","Aktien","12.824.430,03","0,13","12.824.430,03","341.613,00","37,54","Vereinigtes Königreich","London Stock Exchange","GBP"
"INF","INFORMA PLC","Kommunikation","Aktien","12.258.736,61","0,12","12.258.736,61","1.252.435,00","9,79","Vereinigtes Königreich","London Stock Exchange","GBP"
"ESSITY B","ESSITY CLASS B","Nichtzyklische Konsumgüter","Aktien","12.237.001,47","0,12","12.237.001,47","559.465,00","21,87","Schweden","Nasdaq Omx Nordic","SEK"
"SCHP","SCHINDLER HOLDING PAR AG","Industrie","Aktien","12.104.037,92","0,12","12.104.037,92","37.713,00","320,95","Schweiz","SIX Swiss Exchange","CHF"
"MT","ARCELORMITTAL SA","Materialien","Aktien","12.058.105,74","0,12","12.058.105,74","427.138,00","28,23","Frankreich","Euronext Amsterdam","EUR"
"STMN","STRAUMANN HOLDING AG","Gesundheitsversorgung","Aktien","11.895.117,41","0,12","11.895.117,41","105.831,00","112,40","Schweiz","SIX Swiss Exchange","CHF"
"UPM","UPM-KYMMENE","Materialien","Aktien","11.825.834,10","0,12","11.825.834,10","504.085,00","23,46","Finnland","Nasdaq Omx Helsinki Ltd.","EUR"
"LOGN","LOGITECH INTERNATIONAL SA","IT","Aktien","11.804.538,46","0,12","11.804.538,46","143.123,00","82,48","Schweiz","SIX Swiss Exchange","CHF"
"SOON","SONOVA HOLDING AG","Gesundheitsversorgung","Aktien","11.741.234,05","0,12","11.741.234,05","47.621,00","246,56","Schweiz","SIX Swiss Exchange","CHF"
"EPI A","EPIROC CLASS A","Industrie","Aktien","11.717.276,34","0,12","11.717.276,34","600.483,00","19,51","Schweden","Nasdaq Omx Nordic","SEK"
"EDP","EDP ENERGIAS DE PORTUGAL SA","Versorger","Aktien","11.445.744,40","0,11","11.445.744,40","3.012.038,00","3,80","Portugal","Nyse Euronext - Euronext Lisbon","EUR"
"SY1","SYMRISE AG","Materialien","Aktien","11.361.369,84","0,11","11.361.369,84","127.284,00","89,26","Deutschland","Xetra","EUR"
"BAER","JULIUS BAER GRUPPE AG","Financials","Aktien","11.350.467,88","0,11","11.350.467,88","193.783,00","58,57","Schweiz","SIX Swiss Exchange","CHF"
"TRN","TERNA RETE ELETTRICA NAZIONALE","Versorger","Aktien","11.302.479,31","0,11","11.302.479,31","1.340.109,00","8,43","Italien","Borsa Italiana","EUR"
"BIRG","BANK OF IRELAND GROUP PLC","Financials","Aktien","11.280.317,76","0,11","11.280.317,76","929.952,00","12,13","Irland","Irish Stock Exchange - All Market","EUR"
"GMAB","GENMAB","Gesundheitsversorgung","Aktien","11.084.170,93","0,11","11.084.170,93","58.236,00","190,33","Dänemark","Omx Nordic Exchange Copenhagen A/S","DKK"
"BAMI","BANCO BPM","Financials","Aktien","11.029.119,64","0,11","11.029.119,64","1.066.646,00","10,34","Italien","Borsa Italiana","EUR"
"SN.","SMITH AND NEPHEW PLC","Gesundheitsversorgung","Aktien","10.895.614,02","0,11","10.895.614,02","841.017,00","12,96","Vereinigtes Königreich","London Stock Exchange","GBP"
"MONC","MONCLER","Zyklische Konsumgüter ","Aktien","10.862.866,40","0,11","10.862.866,40","217.780,00","49,88","Italien","Borsa Italiana","EUR"
"CARL B","CARLSBERG AS CL B","Nichtzyklische Konsumgüter","Aktien","10.852.854,80","0,11","10.852.854,80","91.461,00","118,66","Dänemark","Omx Nordic Exchange Copenhagen A/S","DKK"
"KOG","KONGSBERG GRUPPEN","Industrie","Aktien","10.792.329,74","0,11","10.792.329,74","405.825,00","26,59","Norwegen","Oslo Bors Asa","NOK"
"HEN3","HENKEL & KGAA PREF AG","Nichtzyklische Konsumgüter","Aktien","10.738.650,24","0,11","10.738.650,24","158.668,00","67,68","Deutschland","Xetra","EUR"
"ENX","EURONEXT NV","Financials","Aktien","10.719.088,80","0,11","10.719.088,80","71.556,00","149,80","Frankreich","Nyse Euronext - Euronext Paris","EUR"
"PNDORA","PANDORA","Zyklische Konsumgüter ","Aktien","10.590.234,29","0,10","10.590.234,29","75.562,00","140,15","Dänemark","Omx Nordic Exchange Copenhagen A/S","DKK"
"ALFA","ALFA LAVAL","Industrie","Aktien","10.577.747,66","0,10","10.577.747,66","277.644,00","38,10","Schweden","Nasdaq Omx Nordic","SEK"
"WRT1V","WARTSILA","Industrie","Aktien","10.398.154,21","0,10","10.398.154,21","481.619,00","21,59","Finnland","Nasdaq Omx Helsinki Ltd.","EUR"
"FBK","FINECOBANK BANCA FINECO","Financials","Aktien","10.383.201,61","0,10","10.383.201,61","555.103,00","18,70","Italien","Borsa Italiana","EUR"
"ABN","ABN AMRO BANK NV","Financials","Aktien","10.324.223,10","0,10","10.324.223,10","428.391,00","24,10","Niederlande","Euronext Amsterdam","EUR"
"KRX","KINGSPAN GROUP PLC","Industrie","Aktien","10.267.798,50","0,10","10.267.798,50","143.205,00","71,70","Irland","Irish Stock Exchange - All Market","EUR"
"EVO","EVOLUTION","Zyklische Konsumgüter ","Aktien","10.223.359,93","0,10","10.223.359,93","139.175,00","73,46","Schweden","Nasdaq Omx Nordic","SEK"
"BEI","BEIERSDORF AG","Nichtzyklische Konsumgüter","Aktien","10.107.406,00","0,10","10.107.406,00","93.935,00","107,60","Deutschland","Xetra","EUR"
"ACS","ACS ACTIVIDADES DE CONSTRUCCION Y","Industrie","Aktien","10.009.177,50","0,10","10.009.177,50","172.275,00","58,10","Spanien","Bolsa De Madrid","EUR"
"EQT","EQT","Financials","Aktien","9.992.017,63","0,10","9.992.017,63","337.506,00","29,61","Schweden","Nasdaq Omx Nordic","SEK"
"1CO","COVESTRO V AG","Materialien","Aktien","9.948.840,00","0,10","9.948.840,00","165.814,00","60,00","Deutschland","Xetra","EUR"
"AKZA","AKZO NOBEL NV","Materialien","Aktien","9.730.213,50","0,10","9.730.213,50","163.533,00","59,50","Niederlande","Euronext Amsterdam","EUR"
"SPSN","SWISS PRIME SITE AG","Immobilien","Aktien","9.668.667,94","0,10","9.668.667,94","78.158,00","123,71","Schweiz","SIX Swiss Exchange","CHF"
"CCH","COCA COLA HBC AG","Nichtzyklische Konsumgüter","Aktien","9.630.221,37","0,09","9.630.221,37","210.570,00","45,73","Vereinigtes Königreich","London Stock Exchange","GBP"
"BESI","BE SEMICONDUCTOR INDUSTRIES NV","IT","Aktien","9.477.457,50","0,09","9.477.457,50","74.333,00","127,50","Niederlande","Euronext Amsterdam","EUR"
"RTO","RENTOKIL INITIAL PLC","Industrie","Aktien","9.463.464,65","0,09","9.463.464,65","2.356.665,00","4,02","Vereinigtes Königreich","London Stock Exchange","GBP"
"SRG","SNAM","Versorger","Aktien","9.255.154,90","0,09","9.255.154,90","1.834.884,00","5,04","Italien","Borsa Italiana","EUR"
"COLO B","COLOPLAST B","Gesundheitsversorgung","Aktien","9.240.237,85","0,09","9.240.237,85","113.837,00","81,17","Dänemark","Omx Nordic Exchange Copenhagen A/S","DKK"
"SGRO","SEGRO REIT PLC","Immobilien","Aktien","9.229.183,72","0,09","9.229.183,72","1.221.688,00","7,55","Vereinigtes Königreich","London Stock Exchange","GBP"
"FME","FRESENIUS MEDICAL CARE AG","Gesundheitsversorgung","Aktien","9.216.573,57","0,09","9.216.573,57","197.823,00","46,59","Deutschland","Xetra","EUR"
"URW","UNIBAIL RODAMCO WE STAPLED UNITS","Immobilien","Aktien","9.140.931,90","0,09","9.140.931,90","114.119,00","80,10","Frankreich","Nyse Euronext - Euronext Paris","EUR"
"VACN","VAT GROUP AG","Industrie","Aktien","9.103.864,54","0,09","9.103.864,54","24.738,00","368,01","Schweiz","SIX Swiss Exchange","CHF"
"CNA","CENTRICA PLC","Versorger","Aktien","9.024.500,98","0,09","9.024.500,98","5.060.550,00","1,78","Vereinigtes Königreich","London Stock Exchange","GBP"
"RO","ROCHE HOLDING AG","Gesundheitsversorgung","Aktien","8.994.600,23","0,09","8.994.600,23","30.780,00","292,22","Schweiz","SIX Swiss Exchange","CHF"
"ADM","ADMIRAL GROUP PLC","Financials","Aktien","8.980.740,78","0,09","8.980.740,78","234.173,00","38,35","Vereinigtes Königreich","London Stock Exchange","GBP"
"MB","MEDIOBANCA BANCA DI CREDITO FINANZ","Financials","Aktien","8.838.132,45","0,09","8.838.132,45","485.345,00","18,21","Italien","Borsa Italiana","EUR"
"G1A","GEA GROUP AG","Industrie","Aktien","8.645.254,20","0,09","8.645.254,20","145.543,00","59,40","Deutschland","Xetra","EUR"
"AGS","AGEAS SA","Financials","Aktien","8.592.460,75","0,08","8.592.460,75","151.409,00","56,75","Belgien","Nyse Euronext - Euronext Brussels","EUR"
"AC","ACCOR SA","Zyklische Konsumgüter ","Aktien","8.570.133,27","0,08","8.570.133,27","180.007,00","47,61","Frankreich","Nyse Euronext - Euronext Paris","EUR"
"SMIN","SMITHS GROUP PLC","Industrie","Aktien","8.514.196,81","0,08","8.514.196,81","312.281,00","27,26","Vereinigtes Königreich","London Stock Exchange","GBP"
"BALN","BALOISE HOLDING AG","Financials","Aktien","8.396.993,98","0,08","8.396.993,98","40.170,00","209,04","Schweiz","SIX Swiss Exchange","CHF"
"AUTO","AUTO TRADER GROUP PLC","Kommunikation","Aktien","8.370.338,39","0,08","8.370.338,39","874.399,00","9,57","Vereinigtes Königreich","London Stock Exchange","GBP"
"BNZL","BUNZL","Industrie","Aktien","8.361.914,24","0,08","8.361.914,24","314.163,00","26,62","Vereinigtes Königreich","London Stock Exchange","GBP"
"HEIO","HEINEKEN HOLDING NV","Nichtzyklische Konsumgüter","Aktien","8.297.777,25","0,08","8.297.777,25","127.169,00","65,25","Niederlande","Euronext Amsterdam","EUR"
"UU.","UNITED UTILITIES GROUP PLC","Versorger","Aktien","8.294.345,38","0,08","8.294.345,38","652.468,00","12,71","Vereinigtes Königreich","London Stock Exchange","GBP"
"ASRNL","ASR NEDERLAND NV","Financials","Aktien","8.203.697,46","0,08","8.203.697,46","143.271,00","57,26","Niederlande","Euronext Amsterdam","EUR"
"KNIN","KUEHNE UND NAGEL INTERNATIONAL AG","Industrie","Aktien","8.197.089,21","0,08","8.197.089,21","44.290,00","185,08","Schweiz","SIX Swiss Exchange","CHF"
"ITRK","INTERTEK GROUP PLC","Industrie","Aktien","8.189.522,51","0,08","8.189.522,51","145.016,00","56,47","Vereinigtes Königreich","London Stock Exchange","GBP"
"ANTO","ANTOFAGASTA PLC","Materialien","Aktien","8.180.228,61","0,08","8.180.228,61","388.073,00","21,08","Vereinigtes Königreich","London Stock Exchange","GBP"
"PST","POSTE ITALIANE","Financials","Aktien","8.159.244,90","0,08","8.159.244,90","455.188,00","17,93","Italien","Borsa Italiana","EUR"
"G24","SCOUT24 N","Kommunikation","Aktien","8.151.462,00","0,08","8.151.462,00","68.615,00","118,80","Deutschland","Xetra","EUR"
"BVI","BUREAU VERITAS SA","Industrie","Aktien","8.101.700,48","0,08","8.101.700,48","291.848,00","27,76","Frankreich","Nyse Euronext - Euronext Paris","EUR"
"EXO","EXOR NV","Financials","Aktien","8.041.684,00","0,08","8.041.684,00","90.356,00","89,00","Niederlande","Euronext Amsterdam","EUR"
"ELE","ENDESA SA","Versorger","Aktien","8.031.252,88","0,08","8.031.252,88","310.807,00","25,84","Spanien","Bolsa De Madrid","EUR"
"QIA","QIAGEN NV","Gesundheitsversorgung","Aktien","7.994.967,90","0,08","7.994.967,90","192.418,00","41,55","Deutschland","Deutsche Börse AG","EUR"
"ABF","ASSOCIATED BRITISH FOODS PLC","Nichtzyklische Konsumgüter","Aktien","7.973.619,62","0,08","7.973.619,62","319.287,00","24,97","Vereinigtes Königreich","London Stock Exchange","GBP"
"WISE","WISE PLC CLASS A","Financials","Aktien","7.688.649,82","0,08","7.688.649,82","622.677,00","12,35","Vereinigtes Königreich","London Stock Exchange","GBP"
"CON","CONTINENTAL AG","Zyklische Konsumgüter ","Aktien","7.681.016,00","0,08","7.681.016,00","101.066,00","76,00","Deutschland","Xetra","EUR"
"AGN","AEGON LTD","Financials","Aktien","7.660.236,83","0,08","7.660.236,83","1.253.311,00","6,11","Niederlande","Euronext Amsterdam","EUR"
"TEL","TELENOR","Kommunikation","Aktien","7.516.894,66","0,07","7.516.894,66","558.470,00","13,46","Norwegen","Oslo Bors Asa","NOK"
"MRO","MELROSE INDUSTRIES PLC","Industrie","Aktien","7.517.474,64","0,07","7.517.474,64","1.211.949,00","6,20","Vereinigtes Königreich","London Stock Exchange","GBP"
"MAERSK B","A P MOLLER MAERSK B","Industrie","Aktien","7.463.504,30","0,07","7.463.504,30","4.318,00","1.728,46","Dänemark","Omx Nordic Exchange Copenhagen A/S","DKK"
"FGR","EIFFAGE SA","Industrie","Aktien","7.451.252,05","0,07","7.451.252,05","63.877,00","116,65","Frankreich","Nyse Euronext - Euronext Paris","EUR"
"MKS","MARKS AND SPENCER GROUP PLC","Nichtzyklische Konsumgüter","Aktien","7.368.070,71","0,07","7.368.070,71","1.897.182,00","3,88","Vereinigtes Königreich","London Stock Exchange","GBP"
"SVT","SEVERN TRENT PLC","Versorger","Aktien","7.362.406,76","0,07","7.362.406,76","241.078,00","30,54","Vereinigtes Königreich","London Stock Exchange","GBP"
"ADDT B","ADDTECH CLASS B","Industrie","Aktien","7.306.233,01","0,07","7.306.233,01","241.877,00","30,21","Schweden","Nasdaq Omx Nordic","SEK"
"NEM","NEMETSCHEK","IT","Aktien","7.286.492,40","0,07","7.286.492,40","56.397,00","129,20","Deutschland","Xetra","EUR"
"SCHN","SCHINDLER HOLDING AG","Industrie","Aktien","7.229.166,32","0,07","7.229.166,32","23.095,00","313,02","Schweiz","SIX Swiss Exchange","CHF"
"BKT","BANKINTER SA","Financials","Aktien","7.139.010,48","0,07","7.139.010,48","632.891,00","11,28","Spanien","Bolsa De Madrid","EUR"
"MOWI","MOWI","Nichtzyklische Konsumgüter","Aktien","7.121.937,78","0,07","7.121.937,78","432.653,00","16,46","Norwegen","Oslo Bors Asa","NOK"
"LIFCO B","LIFCO CLASS B","Industrie","Aktien","7.117.074,55","0,07","7.117.074,55","223.952,00","31,78","Schweden","Nasdaq Omx Nordic","SEK"
"EN","BOUYGUES SA","Industrie","Aktien","7.108.494,36","0,07","7.108.494,36","183.777,00","38,68","Frankreich","Nyse Euronext - Euronext Paris","EUR"
"BOL","BOLIDEN","Materialien","Aktien","7.091.219,10","0,07","7.091.219,10","264.733,00","26,79","Schweden","Nasdaq Omx Nordic","SEK"
"PSON","PEARSON PLC","Zyklische Konsumgüter ","Aktien","7.085.192,15","0,07","7.085.192,15","581.434,00","12,19","Vereinigtes Königreich","London Stock Exchange","GBP"
"BPE","BPER BANCA","Financials","Aktien","6.915.058,92","0,07","6.915.058,92","920.535,00","7,51","Italien","Borsa Italiana","EUR"
"HELN","HELVETIA HOLDING AG","Financials","Aktien","6.880.923,39","0,07","6.880.923,39","32.985,00","208,61","Schweiz","SIX Swiss Exchange","CHF"
"GALP","GALP ENERGIA SGPS SA CLASS B","Energie","Aktien","6.791.325,00","0,07","6.791.325,00","427.800,00","15,88","Portugal","Nyse Euronext - Euronext Lisbon","EUR"
"NHY","NORSK HYDRO","Materialien","Aktien","6.751.963,02","0,07","6.751.963,02","1.333.618,00","5,06","Norwegen","Oslo Bors Asa","NOK"
"ERF","EUROFINS SCIENTIFIC","Gesundheitsversorgung","Aktien","6.740.378,56","0,07","6.740.378,56","111.154,00","60,64","Frankreich","Nyse Euronext - Euronext Paris","EUR"
"METSO","METSO CORPORATION","Industrie","Aktien","6.733.204,91","0,07","6.733.204,91","580.699,00","11,60","Finnland","Nasdaq Omx Helsinki Ltd.","EUR"
"TELIA","TELIA COMPANY","Kommunikation","Aktien","6.679.076,25","0,07","6.679.076,25","2.264.818,00","2,95","Schweden","Nasdaq Omx Nordic","SEK"
"LI","KLEPIERRE REIT SA","Immobilien","Aktien","6.648.006,40","0,07","6.648.006,40","204.680,00","32,48","Frankreich","Nyse Euronext - Euronext Paris","EUR"
"BNR","BRENNTAG","Industrie","Aktien","6.640.280,88","0,07","6.640.280,88","120.034,00","55,32","Deutschland","Xetra","EUR"
"CA","CARREFOUR SA","Nichtzyklische Konsumgüter","Aktien","6.585.394,46","0,06","6.585.394,46","544.923,00","12,09","Frankreich","Nyse Euronext - Euronext Paris","EUR"
"ORNBV","ORION CLASS B","Gesundheitsversorgung","Aktien","6.541.724,10","0,06","6.541.724,10","99.042,00","66,05","Finnland","Nasdaq Omx Helsinki Ltd.","EUR"
"MNG","M&G PLC","Financials","Aktien","6.522.065,20","0,06","6.522.065,20","2.191.247,00","2,98","Vereinigtes Königreich","London Stock Exchange","GBP"
"AKRBP","AKER BP","Energie","Aktien","6.520.896,21","0,06","6.520.896,21","313.757,00","20,78","Norwegen","Oslo Bors Asa","NOK"
"SKA B","SKANSKA B","Industrie","Aktien","6.429.607,40","0,06","6.429.607,40","319.097,00","20,15","Schweden","Nasdaq Omx Nordic","SEK"
"GBLB","GROUPE BRUXELLES LAMBERT NV","Financials","Aktien","6.411.140,05","0,06","6.411.140,05","86.813,00","73,85","Belgien","Nyse Euronext - Euronext Brussels","EUR"
"TRYG","TRYG","Financials","Aktien","6.386.488,48","0,06","6.386.488,48","299.586,00","21,32","Dänemark","Omx Nordic Exchange Copenhagen A/S","DKK"
"SECU B","SECURITAS B","Industrie","Aktien","6.370.767,54","0,06","6.370.767,54","494.094,00","12,89","Schweden","Nasdaq Omx Nordic","SEK"
"TREL B","TRELLEBORG B","Industrie","Aktien","6.352.807,44","0,06","6.352.807,44","198.249,00","32,04","Schweden","Nasdaq Omx Nordic","SEK"
"ENT","ENTAIN PLC","Zyklische Konsumgüter ","Aktien","6.317.456,06","0,06","6.317.456,06","571.392,00","11,06","Vereinigtes Königreich","London Stock Exchange","GBP"
"HM B","HENNES & MAURITZ","Zyklische Konsumgüter ","Aktien","6.305.178,24","0,06","6.305.178,24","524.026,00","12,03","Schweden","Nasdaq Omx Nordic","SEK"
"TEL2 B","TELE2 B","Kommunikation","Aktien","6.300.475,67","0,06","6.300.475,67","484.821,00","13,00","Schweden","Nasdaq Omx Nordic","SEK"
"FORTUM","FORTUM","Versorger","Aktien","6.296.621,00","0,06","6.296.621,00","402.340,00","15,65","Finnland","Nasdaq Omx Helsinki Ltd.","EUR"
"TLX","TALANX AG","Financials","Aktien","6.248.412,00","0,06","6.248.412,00","56.292,00","111,00","Deutschland","Xetra","EUR"
"ALO","ALSTOM SA","Industrie","Aktien","6.173.165,88","0,06","6.173.165,88","308.196,00","20,03","Frankreich","Nyse Euronext - Euronext Paris","EUR"
"EPI B","EPIROC CLASS B","Industrie","Aktien","6.113.696,37","0,06","6.113.696,37","356.595,00","17,14","Schweden","Nasdaq Omx Nordic","SEK"
"OMV","OMV AG","Energie","Aktien","6.104.488,68","0,06","6.104.488,68","133.519,00","45,72","Österreich","Wiener Boerse Ag","EUR"
"ORK","ORKLA","Nichtzyklische Konsumgüter","Aktien","6.097.727,38","0,06","6.097.727,38","658.882,00","9,25","Norwegen","Oslo Bors Asa","NOK"
"SKF B","SKF B","Industrie","Aktien","6.081.451,86","0,06","6.081.451,86","303.683,00","20,03","Schweden","Nasdaq Omx Nordic","SEK"
"TEN","TENARIS SA","Energie","Aktien","6.022.848,00","0,06","6.022.848,00","376.428,00","16,00","Italien","Borsa Italiana","EUR"
"UNI","UNIPOL ASSICURAZIONI SPA","Financials","Aktien","6.019.171,68","0,06","6.019.171,68","365.241,00","16,48","Italien","Borsa Italiana","EUR"
"ORSTED","OERSTED","Versorger","Aktien","5.964.638,31","0,06","5.964.638,31","152.399,00","39,14","Dänemark","Omx Nordic Exchange Copenhagen A/S","DKK"
"EVD","CTS EVENTIM AG","Kommunikation","Aktien","5.963.444,40","0,06","5.963.444,40","57.396,00","103,90","Deutschland","Xetra","EUR"
"IMCD","IMCD NV","Industrie","Aktien","5.920.202,40","0,06","5.920.202,40","52.368,00","113,05","Niederlande","Euronext Amsterdam","EUR"
"WTB","WHITBREAD PLC","Zyklische Konsumgüter ","Aktien","5.915.201,15","0,06","5.915.201,15","163.777,00","36,12","Vereinigtes Königreich","London Stock Exchange","GBP"
"SCA B","SVENSKA CELLULOSA B","Materialien","Aktien","5.915.546,67","0,06","5.915.546,67","543.322,00","10,89","Schweden","Nasdaq Omx Nordic","SEK"
"ELISA","ELISA","Kommunikation","Aktien","5.878.888,08","0,06","5.878.888,08","126.919,00","46,32","Finnland","Nasdaq Omx Helsinki Ltd.","EUR"
"RNO","RENAULT SA","Zyklische Konsumgüter ","Aktien","5.844.064,80","0,06","5.844.064,80","174.972,00","33,40","Frankreich","Nyse Euronext - Euronext Paris","EUR"
"EDEN","EDENRED","Financials","Aktien","5.841.422,85","0,06","5.841.422,85","225.103,00","25,95","Frankreich","Nyse Euronext - Euronext Paris","EUR"
"KGF","KINGFISHER PLC","Zyklische Konsumgüter ","Aktien","5.834.989,96","0,06","5.834.989,96","1.814.382,00","3,22","Vereinigtes Königreich","London Stock Exchange","GBP"
"INDT","INDUTRADE","Industrie","Aktien","5.805.362,92","0,06","5.805.362,92","264.881,00","21,92","Schweden","Nasdaq Omx Nordic","SEK"
"KBX","KNORR BREMSE AG","Industrie","Aktien","5.788.417,05","0,06","5.788.417,05","69.033,00","83,85","Deutschland","Xetra","EUR"
"ZAL","ZALANDO","Zyklische Konsumgüter ","Aktien","5.721.498,58","0,06","5.721.498,58","207.451,00","27,58","Deutschland","Xetra","EUR"
"HEN","HENKEL AG","Nichtzyklische Konsumgüter","Aktien","5.711.062,50","0,06","5.711.062,50","91.377,00","62,50","Deutschland","Xetra","EUR"
"MNDI","MONDI PLC","Materialien","Aktien","5.655.711,54","0,06","5.655.711,54","418.608,00","13,51","Vereinigtes Königreich","London Stock Exchange","GBP"
"SBRY","SAINSBURY(J) PLC","Nichtzyklische Konsumgüter","Aktien","5.648.604,46","0,06","5.648.604,46","1.690.134,00","3,34","Vereinigtes Königreich","London Stock Exchange","GBP"
"DIM","SARTORIUS STEDIM BIOTECH SA","Gesundheitsversorgung","Aktien","5.626.893,00","0,06","5.626.893,00","29.170,00","192,90","Frankreich","Nyse Euronext - Euronext Paris","EUR"
"BTRW","BARRATT REDROW PLC","Zyklische Konsumgüter ","Aktien","5.569.099,77","0,05","5.569.099,77","1.275.485,00","4,37","Vereinigtes Königreich","London Stock Exchange","GBP"
"KESKOB","KESKO CLASS B","Nichtzyklische Konsumgüter","Aktien","5.566.777,26","0,05","5.566.777,26","272.081,00","20,46","Finnland","Nasdaq Omx Helsinki Ltd.","EUR"
"JMT","JERONIMO MARTINS SA","Nichtzyklische Konsumgüter","Aktien","5.468.715,12","0,05","5.468.715,12","245.454,00","22,28","Portugal","Nyse Euronext - Euronext Lisbon","EUR"
"RED","REDEIA CORPORACION SA","Versorger","Aktien","5.428.663,76","0,05","5.428.663,76","306.358,00","17,72","Spanien","Bolsa De Madrid","EUR"
"RXL","REXEL SA","Industrie","Aktien","5.412.599,72","0,05","5.412.599,72","204.172,00","26,51","Frankreich","Nyse Euronext - Euronext Paris","EUR"
"AM","DASSAULT AVIATION SA","Industrie","Aktien","5.375.916,60","0,05","5.375.916,60","18.273,00","294,20","Frankreich","Nyse Euronext - Euronext Paris","EUR"
"REC","RECORDATI INDUSTRIA CHIMICA E FARM","Gesundheitsversorgung","Aktien","5.246.835,75","0,05","5.246.835,75","100.035,00","52,45","Italien","Borsa Italiana","EUR"
"PHNX","PHOENIX GROUP HOLDINGS PLC","Financials","Aktien","5.181.600,51","0,05","5.181.600,51","695.813,00","7,45","Vereinigtes Königreich","London Stock Exchange","GBP"
"IAG","INTERNATIONAL AIRLINES GROUP SA","Industrie","Aktien","5.179.926,81","0,05","5.179.926,81","1.166.913,00","4,44","Spanien","Bolsa De Madrid","EUR"
"NIBE B","NIBE INDUSTRIER CLASS B","Industrie","Aktien","5.173.390,22","0,05","5.173.390,22","1.358.223,00","3,81","Schweden","Nasdaq Omx Nordic","SEK"
"GBP","GBP CASH","Cash und/oder Derivate","Geldmarkt","5.136.535,01","0,05","5.136.535,01","4.438.614,00","115,72","Vereinigtes Königreich","-","GBP"
"LEG","LEG IMMOBILIEN N","Immobilien","Aktien","5.091.087,75","0,05","5.091.087,75","71.655,00","71,05","Deutschland","Xetra","EUR"
"SRT3","SARTORIUS PREF AG","Gesundheitsversorgung","Aktien","5.029.687,00","0,05","5.029.687,00","23.894,00","210,50","Deutschland","Xetra","EUR"
"PAH3","PORSCHE AUTOMOBIL HOLDING PREF","Zyklische Konsumgüter ","Aktien","4.990.395,60","0,05","4.990.395,60","145.918,00","34,20","Deutschland","Xetra","EUR"
"BEIJ B","BEIJER REF CLASS B","Industrie","Aktien","4.973.588,66","0,05","4.973.588,66","356.419,00","13,95","Schweden","Nasdaq Omx Nordic","SEK"
"SIGN","SIG GROUP N AG","Materialien","Aktien","4.940.230,06","0,05","4.940.230,06","308.261,00","16,03","Schweiz","SIX Swiss Exchange","CHF"
"DCC","DCC PLC","Industrie","Aktien","4.856.606,29","0,05","4.856.606,29","89.216,00","54,44","Vereinigtes Königreich","London Stock Exchange","GBP"
"NESTE","NESTE","Energie","Aktien","4.799.100,00","0,05","4.799.100,00","383.928,00","12,50","Finnland","Nasdaq Omx Helsinki Ltd.","EUR"
"WPP","WPP PLC","Kommunikation","Aktien","4.790.022,07","0,05","4.790.022,07","1.000.286,00","4,79","Vereinigtes Königreich","London Stock Exchange","GBP"
"MAERSK A","A P MOLLER MAERSK","Industrie","Aktien","4.780.977,58","0,05","4.780.977,58","2.792,00","1.712,38","Dänemark","Omx Nordic Exchange Copenhagen A/S","DKK"
"STERV","STORA ENSO CLASS R","Materialien","Aktien","4.761.349,92","0,05","4.761.349,92","526.698,00","9,04","Finnland","Nasdaq Omx Helsinki Ltd.","EUR"
"EMSN","EMS-CHEMIE HOLDING AG","Materialien","Aktien","4.756.781,88","0,05","4.756.781,88","6.977,00","681,78","Schweiz","SIX Swiss Exchange","CHF"
"SPX","SPIRAX GROUP PLC","Industrie","Aktien","4.746.746,02","0,05","4.746.746,02","66.750,00","71,11","Vereinigtes Königreich","London Stock Exchange","GBP"
"BIM","BIOMERIEUX SA","Gesundheitsversorgung","Aktien","4.708.694,90","0,05","4.708.694,90","39.803,00","118,30","Frankreich","Nyse Euronext - Euronext Paris","EUR"
"YAR","YARA INTERNATIONAL","Materialien","Aktien","4.684.585,82","0,05","4.684.585,82","145.281,00","32,25","Norwegen","Oslo Bors Asa","NOK"
"SOBI","SWEDISH ORPHAN BIOVITRUM","Gesundheitsversorgung","Aktien","4.655.457,80","0,05","4.655.457,80","192.118,00","24,23","Schweden","Nasdaq Omx Nordic","SEK"
"UHR","THE SWATCH GROUP AG","Zyklische Konsumgüter ","Aktien","4.649.438,77","0,05","4.649.438,77","30.892,00","150,51","Schweiz","SIX Swiss Exchange","CHF"
"ELI","ELIA GROUP SA","Versorger","Aktien","4.581.661,50","0,05","4.581.661,50","46.070,00","99,45","Belgien","Nyse Euronext - Euronext Brussels","EUR"
"INDU C","INDUSTRIVARDEN SERIES","Financials","Aktien","4.548.360,05","0,04","4.548.360,05","141.704,00","32,10","Schweden","Nasdaq Omx Nordic","SEK"
"LAND","LAND SECURITIES GROUP REIT PLC","Immobilien","Aktien","4.534.038,21","0,04","4.534.038,21","685.561,00","6,61","Vereinigtes Königreich","London Stock Exchange","GBP"
"EVK","EVONIK INDUSTRIES AG","Materialien","Aktien","4.504.210,06","0,04","4.504.210,06","256.358,00","17,57","Deutschland","Xetra","EUR"
"GJF","GJENSIDIGE FORSIKRING","Financials","Aktien","4.453.163,52","0,04","4.453.163,52","187.032,00","23,81","Norwegen","Oslo Bors Asa","NOK"
"TEP","TELEPERFORMANCE","Industrie","Aktien","4.448.098,80","0,04","4.448.098,80","51.435,00","86,48","Frankreich","Nyse Euronext - Euronext Paris","EUR"
"RAND","RANDSTAD HOLDING","Industrie","Aktien","4.416.764,44","0,04","4.416.764,44","105.061,00","42,04","Niederlande","Euronext Amsterdam","EUR"
"SYENS","SYENSQO NV","Materialien","Aktien","4.402.801,40","0,04","4.402.801,40","64.690,00","68,06","Belgien","Nyse Euronext - Euronext Brussels","EUR"
"P911","DR ING HC F PORSCHE PRF AG","Zyklische Konsumgüter ","Aktien","4.351.365,66","0,04","4.351.365,66","103.678,00","41,97","Deutschland","Xetra","EUR"
"VER","VERBUND AG","Versorger","Aktien","4.348.337,55","0,04","4.348.337,55","66.949,00","64,95","Österreich","Wiener Boerse Ag","EUR"
"AMUN","AMUNDI SA","Financials","Aktien","4.304.212,50","0,04","4.304.212,50","60.410,00","71,25","Frankreich","Nyse Euronext - Euronext Paris","EUR"
"GET","GETLINK","Industrie","Aktien","4.279.793,40","0,04","4.279.793,40","270.873,00","15,80","Frankreich","Nyse Euronext - Euronext Paris","EUR"
"BALD B","FASTIGHETS BALDER CLASS B","Immobilien","Aktien","4.231.225,11","0,04","4.231.225,11","695.502,00","6,08","Schweden","Nasdaq Omx Nordic","SEK"
"BMW3","BMW PREF AG","Zyklische Konsumgüter ","Aktien","4.195.850,75","0,04","4.195.850,75","54.245,00","77,35","Deutschland","Xetra","EUR"
"ANA","ACCIONA SA","Versorger","Aktien","4.139.518,40","0,04","4.139.518,40","26.002,00","159,20","Spanien","Bolsa De Madrid","EUR"
"CRDA","CRODA INTERNATIONAL PLC","Materialien","Aktien","4.118.403,44","0,04","4.118.403,44","123.699,00","33,29","Vereinigtes Königreich","London Stock Exchange","GBP"
"SW","SODEXO SA","Zyklische Konsumgüter ","Aktien","4.102.912,80","0,04","4.102.912,80","80.766,00","50,80","Frankreich","Nyse Euronext - Euronext Paris","EUR"
"AVOL","AVOLTA AG","Zyklische Konsumgüter ","Aktien","4.097.369,02","0,04","4.097.369,02","87.666,00","46,74","Schweiz","SIX Swiss Exchange","CHF"
"IPN","IPSEN SA","Gesundheitsversorgung","Aktien","3.972.556,50","0,04","3.972.556,50","37.301,00","106,50","Frankreich","Nyse Euronext - Euronext Paris","EUR"
"DHER","DELIVERY HERO","Zyklische Konsumgüter ","Aktien","3.895.912,78","0,04","3.895.912,78","178.466,00","21,83","Deutschland","Xetra","EUR"
"JDEP","JDE PEETS NV","Nichtzyklische Konsumgüter","Aktien","3.842.986,32","0,04","3.842.986,32","159.858,00","24,04","Niederlande","Euronext Amsterdam","EUR"
"GFC","GECINA SA","Immobilien","Aktien","3.787.197,15","0,04","3.787.197,15","43.307,00","87,45","Frankreich","Nyse Euronext - Euronext Paris","EUR"
"LHA","DEUTSCHE LUFTHANSA AG","Industrie","Aktien","3.781.045,24","0,04","3.781.045,24","504.543,00","7,49","Deutschland","Xetra","EUR"
"ROCK B","ROCKWOOL CLASS B","Industrie","Aktien","3.760.670,27","0,04","3.760.670,27","97.151,00","38,71","Dänemark","Omx Nordic Exchange Copenhagen A/S","DKK"
"INW","INFRASTRUTTURE WIRELESS ITALIANE","Kommunikation","Aktien","3.681.526,29","0,04","3.681.526,29","355.017,00","10,37","Italien","Borsa Italiana","EUR"
"DIE","DIETEREN (D) SA","Zyklische Konsumgüter ","Aktien","3.679.695,00","0,04","3.679.695,00","21.075,00","174,60","Belgien","Nyse Euronext - Euronext Brussels","EUR"
"SAGA B","SAGAX CLASS B","Immobilien","Aktien","3.658.665,00","0,04","3.658.665,00","197.517,00","18,52","Schweden","Nasdaq Omx Nordic","SEK"
"INDU A","INDUSTRIVARDEN A","Financials","Aktien","3.596.385,38","0,04","3.596.385,38","111.922,00","32,13","Schweden","Nasdaq Omx Nordic","SEK"
"RAA","RATIONAL AG","Industrie","Aktien","3.587.868,00","0,04","3.587.868,00","5.004,00","717,00","Deutschland","Xetra","EUR"
"LATO B","LATOUR INVESTMENT CLASS B","Industrie","Aktien","3.571.033,25","0,04","3.571.033,25","158.587,00","22,52","Schweden","Nasdaq Omx Nordic","SEK"
"TIT","TELECOM ITALIA","Kommunikation","Aktien","3.571.693,88","0,04","3.571.693,88","8.808.123,00","0,41","Italien","Borsa Italiana","EUR"
"SOF","SOFINA SA","Financials","Aktien","3.558.144,80","0,04","3.558.144,80","12.967,00","274,40","Belgien","Nyse Euronext - Euronext Brussels","EUR"
"AKE","ARKEMA SA","Materialien","Aktien","3.557.245,00","0,04","3.557.245,00","56.825,00","62,60","Frankreich","Nyse Euronext - Euronext Paris","EUR"
"BOL","BOLLORE","Kommunikation","Aktien","3.540.489,42","0,03","3.540.489,42","663.013,00","5,34","Frankreich","Nyse Euronext - Euronext Paris","EUR"
"SDR","SCHRODERS PLC","Financials","Aktien","3.526.264,56","0,03","3.526.264,56","777.331,00","4,54","Vereinigtes Königreich","London Stock Exchange","GBP"
"GRF","GRIFOLS SA CLASS A","Gesundheitsversorgung","Aktien","3.508.542,40","0,03","3.508.542,40","286.880,00","12,23","Spanien","Bolsa De Madrid","EUR"
"BKW","BKW N AG","Versorger","Aktien","3.503.669,92","0,03","3.503.669,92","18.178,00","192,74","Schweiz","SIX Swiss Exchange","CHF"
"CVC","CVC CAPITAL PARTNERS PLC","Financials","Aktien","3.472.266,85","0,03","3.472.266,85","196.729,00","17,65","Niederlande","Euronext Amsterdam","EUR"
"CPR","DAVIDE CAMPARI MILANO NV","Nichtzyklische Konsumgüter","Aktien","3.457.150,34","0,03","3.457.150,34","555.098,00","6,23","Italien","Borsa Italiana","EUR"
"TEMN","TEMENOS AG","IT","Aktien","3.386.936,04","0,03","3.386.936,04","53.551,00","63,25","Schweiz","SIX Swiss Exchange","CHF"
"CHF","CHF CASH","Cash und/oder Derivate","Geldmarkt","3.382.285,68","0,03","3.382.285,68","3.155.171,00","107,20","Schweiz","-","CHF"
"ADP","AEROPORTS DE PARIS SA","Industrie","Aktien","3.378.436,80","0,03","3.378.436,80","31.224,00","108,20","Frankreich","Nyse Euronext - Euronext Paris","EUR"
"LUND B","LUNDBERGFORETAGEN CLASS B","Financials","Aktien","3.340.183,79","0,03","3.340.183,79","78.026,00","42,81","Schweden","Nasdaq Omx Nordic","SEK"
"HIK","HIKMA PHARMACEUTICALS PLC","Gesundheitsversorgung","Aktien","3.320.220,32","0,03","3.320.220,32","143.814,00","23,09","Vereinigtes Königreich","London Stock Exchange","GBP"
"FDJU","FDJ UNITED","Zyklische Konsumgüter ","Aktien","3.313.689,40","0,03","3.313.689,40","110.530,00","29,98","Frankreich","Nyse Euronext - Euronext Paris","EUR"
"BARN","BARRY CALLEBAUT AG","Nichtzyklische Konsumgüter","Aktien","3.271.782,15","0,03","3.271.782,15","3.171,00","1.031,78","Schweiz","SIX Swiss Exchange","CHF"
"DKK","DKK CASH","Cash und/oder Derivate","Geldmarkt","3.158.770,25","0,03","3.158.770,25","23.574.777,00","13,40","Dänemark","-","DKK"
"BMED","BANCA MEDIOLANUM","Financials","Aktien","3.105.027,39","0,03","3.105.027,39","209.941,00","14,79","Italien","Borsa Italiana","EUR"
"INPST","INPOST SA","Industrie","Aktien","3.002.410,50","0,03","3.002.410,50","232.745,00","12,90","Niederlande","Euronext Amsterdam","EUR"
"DEMANT","DEMANT","Gesundheitsversorgung","Aktien","2.914.494,96","0,03","2.914.494,96","81.406,00","35,80","Dänemark","Omx Nordic Exchange Copenhagen A/S","DKK"
"EDPR","EDP RENOVAVEIS SA","Versorger","Aktien","2.856.288,96","0,03","2.856.288,96","283.362,00","10,08","Portugal","Nyse Euronext - Euronext Lisbon","EUR"
"BCVN","BC VAUD N","Financials","Aktien","2.668.547,19","0,03","2.668.547,19","26.135,00","102,11","Schweiz","SIX Swiss Exchange","CHF"
"RF","EURAZEO","Financials","Aktien","2.652.709,95","0,03","2.652.709,95","42.207,00","62,85","Frankreich","Nyse Euronext - Euronext Paris","EUR"
"HOLM B","HOLMEN CLASS B","Materialien","Aktien","2.651.377,27","0,03","2.651.377,27","80.047,00","33,12","Schweden","Nasdaq Omx Nordic","SEK"
"NEXI","NEXI","Financials","Aktien","2.605.716,93","0,03","2.605.716,93","509.327,00","5,12","Italien","Borsa Italiana","EUR"
"ICSSAGD","BLK ICS GBP LIQ AGENCY DIS","Cash und/oder Derivate","Money Market","2.497.690,28","0,02","2.497.690,28","2.158.320,00","1,16","Irland","-","GBP"
"COV","COVIVIO SA","Immobilien","Aktien","2.348.890,00","0,02","2.348.890,00","45.832,00","51,25","Frankreich","Nyse Euronext - Euronext Paris","EUR"
"LOTB","LOTUS BAKERIES NV","Nichtzyklische Konsumgüter","Aktien","2.334.780,00","0,02","2.334.780,00","306,00","7.630,00","Belgien","Nyse Euronext - Euronext Brussels","EUR"
"SALM","SALMAR","Nichtzyklische Konsumgüter","Aktien","2.288.878,58","0,02","2.288.878,58","66.485,00","34,43","Norwegen","Oslo Bors Asa","NOK"
"BZFUT","CASH COLLATERAL EUR BZFUT","Cash und/oder Derivate","Cash Collateral and Margins","2.219.690,00","0,02","2.219.690,00","2.219.690,00","100,00","Europäische Union","-","EUR"
"-","DERECHOS IBERDROLA S.A. SA","Versorger","Aktien","2.182.302,57","0,02","2.182.302,57","5.469.430,00","0,40","Spanien","Bolsa De Madrid","EUR"
"JD.","JD SPORTS FASHION PLC","Zyklische Konsumgüter ","Aktien","2.077.729,56","0,02","2.077.729,56","2.124.758,00","0,98","Vereinigtes Königreich","London Stock Exchange","GBP"
"DIA","DIASORIN","Gesundheitsversorgung","Aktien","1.889.870,40","0,02","1.889.870,40","20.952,00","90,20","Italien","Borsa Italiana","EUR"
"NOK","NOK CASH","Cash und/oder Derivate","Geldmarkt","849.084,66","0,01","849.084,66","10.156.364,00","8,36","Norwegen","-","NOK"
"USD","USD CASH","Cash und/oder Derivate","Geldmarkt","475.351,29","0,00","475.351,29","550.813,00","86,30","Vereinigte Staaten","-","USD"
"ACS","ACS ACTIVIDADES DE CONSTRUCCION Y","Industrie","Aktien","283.760,40","0,00","283.760,40","4.884,00","58,10","Spanien","Bolsa De Madrid","EUR"
"SEK","SEK CASH","Cash und/oder Derivate","Geldmarkt","209.874,67","0,00","209.874,67","2.374.833,00","8,84","Schweden","-","SEK"
"MXN","MXN CASH","Cash und/oder Derivate","Geldmarkt","55.070,86","0,00","55.070,86","1.197.522,00","4,60","Mexiko","-","MXN"
"MARGIN_GBP","FUTURES GBP MARGIN BALANCE","Cash und/oder Derivate","Cash Collateral and Margins","-12,59","0,00","-12,59","-11,00","115,72","Vereinigtes Königreich","-","GBP"
"MARGIN_CHF","FUTURES CHF MARGIN BALANCE","Cash und/oder Derivate","Cash Collateral and Margins","13,68","0,00","13,68","13,00","107,20","Schweiz","-","CHF"
"ZRPU5","MSCI EUROPE INDEX SEP 25","Cash und/oder Derivate","Futures","0,00","0,00","32.688.660,00","883,00","370,20","-","Eurex Deutschland","EUR"
 